filename,width,height,class,xmin,ymin,xmax,ymax,,,
image_81.png,826,1170,billto,77,260,256,417,,,
image_81.png,826,1170,shipto,267,258,449,412,,,
image_81.png,826,1170,invoiceno,543,261,759,294,,,
image_81.png,826,1170,tableheader,79,442,751,484,,,
image_174.png,826,1170,billto,161,309,323,564,,,
image_174.png,826,1170,shipto,326,310,495,579,,,
image_174.png,826,1170,invoiceno,549,312,797,348,,,
image_174.png,826,1170,tableheader,171,642,775,689,,,
image_28.png,826,1170,billto,54,276,236,474,,,
image_28.png,826,1170,shipto,275,278,472,460,,,
image_28.png,826,1170,invoiceno,502,274,785,309,,,
image_28.png,826,1170,tableheader,54,514,769,564,,,
image_40.png,826,1170,billto,53,384,236,564,,,
image_40.png,826,1170,shipto,279,378,461,560,,,
image_40.png,826,1170,invoiceno,500,383,785,412,,,
image_40.png,826,1170,invoiceno,48,646,769,683,,,
image_30.png,826,1170,billto,57,181,249,381,,,
image_30.png,826,1170,shipto,305,187,493,369,,,
image_30.png,826,1170,invoiceno,66,64,290,91,,,
image_30.png,826,1170,tableheader,66,415,769,437,,,
image_176.png,826,1170,billto,49,353,238,537,,,
image_176.png,826,1170,shipto,302,356,503,532,,,
image_176.png,826,1170,invoiceno,589,363,771,389,,,
image_176.png,826,1170,tableheader,61,594,767,632,,,
image_89.png,826,1170,billto,77,424,261,617,,,
image_89.png,826,1170,shipto,298,427,479,615,,,
image_89.png,826,1170,invoiceno,316,643,515,676,,,
image_89.png,826,1170,tableheader,77,689,751,725,,,
image_151.png,826,1170,billto,56,340,246,520,,,
image_151.png,826,1170,shipto,295,343,485,525,,,
image_151.png,826,1170,tableheader,49,594,767,635,,,
image_151.png,826,1170,invoiceno,571,342,775,381,,,
image_141.png,826,1170,billto,41,232,246,450,,,
image_141.png,826,1170,shipto,274,235,480,433,,,
image_141.png,826,1170,invoiceno,485,240,771,274,,,
image_141.png,826,1170,tableheader,51,463,785,533,,,
image_10.png,826,1170,billto,53,340,243,520,,,
image_10.png,826,1170,shipto,302,342,502,522,,,
image_10.png,826,1170,invoiceno,569,335,795,373,,,
image_10.png,826,1170,tableheader,64,576,767,615,,,
image_101.png,826,1170,billto,161,309,323,564,,,
image_101.png,826,1170,shipto,326,310,495,579,,,
image_101.png,826,1170,invoiceno,549,312,797,348,,,
image_101.png,826,1170,tableheader,171,642,775,689,,,
image_106.png,826,1170,billto,53,340,243,520,,,
image_106.png,826,1170,shipto,302,342,502,522,,,
image_106.png,826,1170,invoiceno,569,335,795,373,,,
image_106.png,826,1170,tableheader,64,576,767,615,,,
image_183.png,826,1170,billto,85,340,259,630,,,
image_183.png,826,1170,shipto,266,340,439,637,,,
image_183.png,826,1170,invoiceno,508,338,739,376,,,
image_183.png,826,1170,tableheader,93,668,741,715,,,
image_175.png,826,1170,billto,54,373,248,555,,,
image_175.png,826,1170,shipto,308,369,515,555,,,
image_175.png,826,1170,tableheader,56,601,771,645,,,
image_175.png,826,1170,invoiceno,520,187,784,220,,,
image_39.png,826,1170,billto,53,340,243,520,,,
image_39.png,826,1170,shipto,302,342,502,522,,,
image_39.png,826,1170,invoiceno,569,335,795,373,,,
image_39.png,826,1170,tableheader,64,576,767,615,,,
image_51.png,826,1170,billto,53,292,253,489,,,
image_51.png,826,1170,shipto,277,296,469,491,,,
image_51.png,826,1170,invoiceno,498,296,779,338,,,
image_51.png,826,1170,tableheader,57,520,772,571,,,
image_201.png,826,1170,billto,54,276,236,474,,,
image_201.png,826,1170,shipto,275,278,472,460,,,
image_201.png,826,1170,invoiceno,502,274,785,309,,,
image_201.png,826,1170,tableheader,54,514,769,564,,,
image_198.png,826,1170,billto,41,232,246,450,,,
image_198.png,826,1170,shipto,274,235,480,433,,,
image_198.png,826,1170,invoiceno,485,240,771,274,,,
image_198.png,826,1170,tableheader,51,463,785,533,,,
image_57.png,826,1170,billto,53,292,253,489,,,
image_57.png,826,1170,shipto,277,296,469,491,,,
image_57.png,826,1170,invoiceno,498,296,779,338,,,
image_57.png,826,1170,tableheader,57,520,772,571,,,
image_128.png,826,1170,billto,189,228,346,389,,,
image_128.png,826,1170,shipto,354,225,520,381,,,
image_128.png,826,1170,invoiceno,546,224,782,260,,,
image_128.png,826,1170,tableheader,198,430,772,469,,,
image_144.png,826,1170,billto,41,392,213,624,,,
image_144.png,826,1170,shipto,221,396,393,619,,,
image_144.png,826,1170,tableheader,43,642,775,683,,,
image_144.png,826,1170,invoiceno,66,66,277,112,,,
image_169.png,826,1170,billto,148,287,330,483,,,
image_169.png,826,1170,shipto,334,289,502,456,,,
image_169.png,826,1170,invoiceno,512,283,749,317,,,
image_169.png,826,1170,tableheader,159,519,753,556,,,
image_58.png,826,1170,billto,51,301,244,491,,,
image_58.png,826,1170,shipto,282,296,469,478,,,
image_58.png,826,1170,invoiceno,505,305,774,335,,,
image_58.png,826,1170,tableheader,59,527,774,566,,,
image_177.png,826,1170,billto,46,315,238,496,,,
image_177.png,826,1170,shipto,275,310,461,499,,,
image_177.png,826,1170,invoiceno,489,312,782,355,,,
image_177.png,826,1170,tableheader,48,576,780,628,,,
image_17.png,826,1170,billto,53,340,243,520,,,
image_17.png,826,1170,shipto,302,342,502,522,,,
image_17.png,826,1170,invoiceno,569,335,795,373,,,
image_17.png,826,1170,tableheader,64,576,767,615,,,
image_71.png,826,1170,billto,33,520,190,687,,,
image_71.png,826,1170,shipto,39,714,192,891,,,
image_71.png,826,1170,invoiceno,38,278,187,310,,,
image_71.png,826,1170,tableheader,226,273,774,315,,,
image_60.png,826,1170,billto,43,371,246,558,,,
image_60.png,826,1170,shipto,320,371,520,568,,,
image_60.png,826,1170,tableheader,51,596,775,648,,,
image_60.png,826,1170,invoiceno,520,184,772,214,,,
image_34.png,826,1170,billto,53,340,243,520,,,
image_34.png,826,1170,shipto,302,342,502,522,,,
image_34.png,826,1170,invoiceno,569,335,795,373,,,
image_34.png,826,1170,tableheader,64,576,767,615,,,
image_199.png,826,1170,billto,226,199,392,379,,,
image_199.png,826,1170,shipto,402,199,556,383,,,
image_199.png,826,1170,invoiceno,561,228,782,256,,,
image_199.png,826,1170,tableheader,54,469,782,504,,,
image_121.png,826,1170,billto,46,301,246,481,,,
image_121.png,826,1170,shipto,275,297,475,486,,,
image_121.png,826,1170,invoiceno,495,301,784,335,,,
image_121.png,826,1170,tableheader,64,535,766,571,,,
image_202.png,826,1170,billto,53,342,236,514,,,
image_202.png,826,1170,shipto,302,343,485,509,,,
image_202.png,826,1170,invoiceno,585,343,769,374,,,
image_202.png,826,1170,tableheader,56,566,769,609,,,
image_114.png,826,1170,billto,66,371,262,550,,,
image_114.png,826,1170,shipto,307,366,492,542,,,
image_114.png,826,1170,invoiceno,551,356,751,396,,,
image_114.png,826,1170,tableheader,69,587,753,642,,,
image_79.png,826,1170,billto,41,392,213,624,,,
image_79.png,826,1170,shipto,221,396,393,619,,,
image_79.png,826,1170,tableheader,43,642,775,683,,,
image_79.png,826,1170,invoiceno,66,66,277,112,,,
image_45.png,826,1170,invoiceno,33,274,175,305,,,
image_45.png,826,1170,billto,41,538,187,702,,,
image_45.png,826,1170,shipto,38,733,198,917,,,
image_45.png,826,1170,tableheader,226,269,777,317,,,
image_116.png,826,1170,billto,75,369,251,522,,,
image_116.png,826,1170,shipto,266,363,454,522,,,
image_116.png,826,1170,invoiceno,492,355,757,394,,,
image_116.png,826,1170,tableheader,75,548,748,581,,,
image_25.png,826,1170,billto,53,340,243,520,,,
image_25.png,826,1170,shipto,302,342,502,522,,,
image_25.png,826,1170,invoiceno,569,335,795,373,,,
image_25.png,826,1170,tableheader,64,576,767,615,,,
image_8.png,826,1170,billto,49,353,238,537,,,
image_8.png,826,1170,shipto,302,356,503,532,,,
image_8.png,826,1170,invoiceno,589,363,771,389,,,
image_8.png,826,1170,tableheader,61,594,767,632,,,
image_149.png,826,1170,billto,107,310,302,496,,,
image_149.png,826,1170,shipto,316,312,497,504,,,
image_149.png,826,1170,invoiceno,585,102,761,158,,,
image_149.png,826,1170,tableheader,126,556,777,602,,,
image_47.png,826,1170,billto,53,340,243,520,,,
image_47.png,826,1170,shipto,302,342,502,522,,,
image_47.png,826,1170,invoiceno,569,335,795,373,,,
image_47.png,826,1170,tableheader,64,576,767,615,,,
image_180.png,826,1170,billto,38,335,277,520,,,
image_180.png,826,1170,shipto,293,337,484,515,,,
image_180.png,826,1170,invoiceno,495,332,785,368,,,
image_180.png,826,1170,tableheader,51,676,793,717,,,
image_13.png,826,1170,billto,49,353,238,537,,,
image_13.png,826,1170,shipto,302,356,503,532,,,
image_13.png,826,1170,invoiceno,589,363,771,389,,,
image_13.png,826,1170,tableheader,61,594,767,632,,,
image_86.png,826,1170,billto,77,296,256,474,,,
image_86.png,826,1170,shipto,284,296,467,473,,,
image_86.png,826,1170,invoiceno,492,291,761,325,,,
image_86.png,826,1170,tableheader,75,515,749,550,,,
image_145.png,826,1170,billto,226,197,387,389,,,
image_145.png,826,1170,shipto,403,202,551,379,,,
image_145.png,826,1170,invoiceno,559,224,774,258,,,
image_145.png,826,1170,tableheader,48,451,785,489,,,
image_44.png,826,1170,billto,49,353,238,537,,,
image_44.png,826,1170,shipto,302,356,503,532,,,
image_44.png,826,1170,invoiceno,589,363,771,389,,,
image_44.png,826,1170,tableheader,61,594,767,632,,,
image_132.png,826,1170,billto,348,307,531,456,,,
image_132.png,826,1170,shipto,569,305,744,458,,,
image_132.png,826,1170,tableheader,79,564,725,610,,,
image_132.png,826,1170,invoiceno,148,143,412,197,,,
image_165.png,826,1170,billto,44,299,249,484,,,
image_165.png,826,1170,shipto,282,307,464,483,,,
image_165.png,826,1170,invoiceno,500,304,774,333,,,
image_165.png,826,1170,tableheader,66,525,766,564,,,
image_130.png,826,1170,billto,54,276,236,474,,,
image_130.png,826,1170,shipto,275,278,472,460,,,
image_130.png,826,1170,invoiceno,502,274,785,309,,,
image_130.png,826,1170,tableheader,54,514,769,564,,,
image_9.png,826,1170,billto,100,314,300,514,,,
image_9.png,826,1170,shipto,318,315,521,509,,,
image_9.png,826,1170,invoiceno,556,315,789,348,,,
image_9.png,826,1170,tableheader,107,551,772,584,,,
image_83.png,826,1170,billto,53,292,253,489,,,
image_83.png,826,1170,shipto,277,296,469,491,,,
image_83.png,826,1170,invoiceno,498,296,779,338,,,
image_83.png,826,1170,tableheader,57,520,772,571,,,
image_102.png,826,1170,billto,38,335,277,520,,,
image_102.png,826,1170,shipto,293,337,484,515,,,
image_102.png,826,1170,invoiceno,495,332,785,368,,,
image_102.png,826,1170,tableheader,51,676,793,717,,,
image_18.png,826,1170,billto,43,371,246,558,,,
image_18.png,826,1170,shipto,320,371,520,568,,,
image_18.png,826,1170,tableheader,51,596,775,648,,,
image_18.png,826,1170,invoiceno,520,184,772,214,,,
image_208.png,826,1170,billto,53,340,243,520,,,
image_208.png,826,1170,shipto,302,342,502,522,,,
image_208.png,826,1170,invoiceno,569,335,795,373,,,
image_208.png,826,1170,tableheader,64,576,767,615,,,
image_53.png,826,1170,billto,121,292,305,481,,,
image_53.png,826,1170,shipto,315,292,495,476,,,
image_53.png,826,1170,invoiceno,602,112,736,153,,,
image_53.png,826,1170,tableheader,126,532,769,583,,,
image_56.png,826,1170,billto,53,340,243,520,,,
image_56.png,826,1170,shipto,302,342,502,522,,,
image_56.png,826,1170,invoiceno,569,335,795,373,,,
image_56.png,826,1170,tableheader,64,576,767,615,,,
image_159.png,826,1170,billto,54,355,243,542,,,
image_159.png,826,1170,shipto,293,355,480,542,,,
image_159.png,826,1170,invoiceno,515,353,772,391,,,
image_159.png,826,1170,tableheader,61,573,775,620,,,
image_107.png,826,1170,billto,226,197,387,389,,,
image_107.png,826,1170,shipto,403,202,551,379,,,
image_107.png,826,1170,invoiceno,559,224,774,258,,,
image_107.png,826,1170,tableheader,48,451,785,489,,,
image_184.png,826,1170,billto,53,340,243,520,,,
image_184.png,826,1170,shipto,302,342,502,522,,,
image_184.png,826,1170,invoiceno,569,335,795,373,,,
image_184.png,826,1170,tableheader,64,576,767,615,,,
image_61.png,826,1170,billto,49,369,249,569,,,
image_61.png,826,1170,shipto,323,373,507,563,,,
image_61.png,826,1170,tableheader,62,604,769,646,,,
image_61.png,826,1170,invoiceno,516,184,779,215,,,
image_129.png,826,1170,billto,53,292,253,489,,,
image_129.png,826,1170,shipto,277,296,469,491,,,
image_129.png,826,1170,invoiceno,498,296,779,338,,,
image_129.png,826,1170,tableheader,57,520,772,571,,,
image_110.png,826,1170,billto,189,228,346,389,,,
image_110.png,826,1170,shipto,354,225,520,381,,,
image_110.png,826,1170,invoiceno,546,224,782,260,,,
image_110.png,826,1170,tableheader,198,430,772,469,,,
image_36.png,826,1170,billto,53,340,243,520,,,
image_36.png,826,1170,shipto,302,342,502,522,,,
image_36.png,826,1170,invoiceno,569,335,795,373,,,
image_36.png,826,1170,tableheader,64,576,767,615,,,
image_7.png,826,1170,billto,161,309,323,564,,,
image_7.png,826,1170,shipto,326,310,495,579,,,
image_7.png,826,1170,invoiceno,549,312,797,348,,,
image_7.png,826,1170,tableheader,171,642,775,689,,,
image_172.png,826,1170,billto,49,353,238,537,,,
image_172.png,826,1170,shipto,302,356,503,532,,,
image_172.png,826,1170,invoiceno,589,363,771,389,,,
image_172.png,826,1170,tableheader,61,594,767,632,,,
image_14.png,826,1170,billto,33,520,190,687,,,
image_14.png,826,1170,shipto,39,714,192,891,,,
image_14.png,826,1170,invoiceno,38,278,187,310,,,
image_14.png,826,1170,tableheader,226,273,774,315,,,
image_135.png,826,1170,billto,54,276,236,474,,,
image_135.png,826,1170,shipto,275,278,472,460,,,
image_135.png,826,1170,invoiceno,502,274,785,309,,,
image_135.png,826,1170,tableheader,54,514,769,564,,,
image_65.png,826,1170,billto,189,228,346,389,,,
image_65.png,826,1170,shipto,354,225,520,381,,,
image_65.png,826,1170,invoiceno,546,224,782,260,,,
image_65.png,826,1170,tableheader,198,430,772,469,,,
image_179.png,826,1170,billto,53,292,253,489,,,
image_179.png,826,1170,shipto,277,296,469,491,,,
image_179.png,826,1170,invoiceno,498,296,779,338,,,
image_179.png,826,1170,tableheader,57,520,772,571,,,
image_127.png,826,1170,billto,230,224,367,401,,,
image_127.png,826,1170,shipto,397,225,531,396,,,
image_127.png,826,1170,invoiceno,546,219,767,251,,,
image_127.png,826,1170,tableheader,57,458,769,499,,,
image_143.png,826,1170,billto,121,292,305,481,,,
image_143.png,826,1170,shipto,315,292,495,476,,,
image_143.png,826,1170,invoiceno,602,112,736,153,,,
image_143.png,826,1170,tableheader,126,532,769,583,,,
image_196.png,826,1170,billto,46,301,246,481,,,
image_196.png,826,1170,shipto,275,297,475,486,,,
image_196.png,826,1170,invoiceno,495,301,784,335,,,
image_196.png,826,1170,tableheader,64,535,766,571,,,
image_72.png,826,1170,billto,189,228,346,389,,,
image_72.png,826,1170,shipto,354,225,520,381,,,
image_72.png,826,1170,invoiceno,546,224,782,260,,,
image_72.png,826,1170,tableheader,198,430,772,469,,,
image_3.png,826,1170,billto,226,199,392,379,,,
image_3.png,826,1170,shipto,402,199,556,383,,,
image_3.png,826,1170,invoiceno,561,228,782,256,,,
image_3.png,826,1170,tableheader,54,469,782,504,,,
image_204.png,826,1170,billto,226,261,379,551,,,
image_204.png,826,1170,shipto,390,264,539,548,,,
image_204.png,826,1170,invoiceno,543,268,775,314,,,
image_204.png,826,1170,tableheader,61,589,769,632,,,
image_35.png,826,1170,billto,53,292,253,489,,,
image_35.png,826,1170,shipto,277,296,469,491,,,
image_35.png,826,1170,invoiceno,498,296,779,338,,,
image_35.png,826,1170,tableheader,57,520,772,571,,,
image_38.png,826,1170,billto,67,186,254,366,,,
image_38.png,826,1170,shipto,302,183,490,366,,,
image_38.png,826,1170,invoiceno,57,58,292,92,,,
image_38.png,826,1170,tableheader,57,412,769,438,,,
image_24.png,826,1170,billto,49,353,238,537,,,
image_24.png,826,1170,shipto,302,356,503,532,,,
image_24.png,826,1170,invoiceno,589,363,771,389,,,
image_24.png,826,1170,tableheader,61,594,767,632,,,
image_167.png,826,1170,billto,43,371,246,558,,,
image_167.png,826,1170,shipto,320,371,520,568,,,
image_167.png,826,1170,tableheader,51,596,775,648,,,
image_167.png,826,1170,invoiceno,520,184,772,214,,,
image_109.png,826,1170,billto,48,292,218,533,,,
image_109.png,826,1170,shipto,220,299,397,543,,,
image_109.png,826,1170,invoiceno,692,1097,803,1138,,,
image_109.png,826,1170,tableheader,34,581,795,614,,,
image_26.png,826,1170,billto,53,292,253,489,,,
image_26.png,826,1170,shipto,277,296,469,491,,,
image_26.png,826,1170,invoiceno,498,296,779,338,,,
image_26.png,826,1170,tableheader,57,520,772,571,,,
image_200.png,826,1170,billto,53,340,243,520,,,
image_200.png,826,1170,shipto,302,342,502,522,,,
image_200.png,826,1170,invoiceno,569,335,795,373,,,
image_200.png,826,1170,tableheader,64,576,767,615,,,
image_190.png,826,1170,billto,53,340,243,520,,,
image_190.png,826,1170,shipto,302,342,502,522,,,
image_190.png,826,1170,invoiceno,569,335,795,373,,,
image_190.png,826,1170,tableheader,64,576,767,615,,,
image_189.png,826,1170,billto,53,340,243,520,,,
image_189.png,826,1170,shipto,302,342,502,522,,,
image_189.png,826,1170,invoiceno,569,335,795,373,,,
image_189.png,826,1170,tableheader,64,576,767,615,,,
image_120.png,826,1170,billto,100,314,300,514,,,
image_120.png,826,1170,shipto,318,315,521,509,,,
image_120.png,826,1170,invoiceno,556,315,789,348,,,
image_120.png,826,1170,tableheader,107,551,772,584,,,
image_55.png,826,1170,billto,49,353,238,537,,,
image_55.png,826,1170,shipto,302,356,503,532,,,
image_55.png,826,1170,invoiceno,589,363,771,389,,,
image_55.png,826,1170,tableheader,61,594,767,632,,,
image_164.png,826,1170,billto,53,292,253,489,,,
image_164.png,826,1170,shipto,277,296,469,491,,,
image_164.png,826,1170,invoiceno,498,296,779,338,,,
image_164.png,826,1170,tableheader,57,520,772,571,,,
image_77.png,826,1170,billto,57,342,239,520,,,
image_77.png,826,1170,shipto,300,340,485,519,,,
image_77.png,826,1170,invoiceno,579,340,777,369,,,
image_77.png,826,1170,tableheader,61,573,767,609,,,
image_161.png,826,1170,billto,44,299,249,484,,,
image_161.png,826,1170,shipto,282,307,464,483,,,
image_161.png,826,1170,invoiceno,500,304,774,333,,,
image_161.png,826,1170,tableheader,66,525,766,564,,,
image_67.png,826,1170,billto,100,314,300,514,,,
image_67.png,826,1170,shipto,318,315,521,509,,,
image_67.png,826,1170,invoiceno,556,315,789,348,,,
image_67.png,826,1170,tableheader,107,551,772,584,,,
image_1.png,826,1170,billto,33,520,190,687,,,
image_1.png,826,1170,shipto,39,714,192,891,,,
image_1.png,826,1170,invoiceno,38,278,187,310,,,
image_1.png,826,1170,tableheader,226,273,774,315,,,
image_69.png,826,1170,billto,59,189,243,369,,,
image_69.png,826,1170,shipto,307,191,489,364,,,
image_69.png,826,1170,invoiceno,57,60,289,89,,,
image_69.png,826,1170,tableheader,59,414,762,445,,,
image_75.png,826,1170,billto,53,384,236,564,,,
image_75.png,826,1170,shipto,279,378,461,560,,,
image_75.png,826,1170,invoiceno,500,383,785,412,,,
image_75.png,826,1170,invoiceno,48,646,769,683,,,
image_119.png,826,1170,billto,215,310,377,496,,,
image_119.png,826,1170,shipto,380,312,534,494,,,
image_119.png,826,1170,invoiceno,590,312,797,346,,,
image_119.png,826,1170,tableheader,228,666,779,697,,,
image_21.png,826,1170,billto,43,371,246,558,,,
image_21.png,826,1170,shipto,320,371,520,568,,,
image_21.png,826,1170,tableheader,51,596,775,648,,,
image_21.png,826,1170,invoiceno,520,184,772,214,,,
image_54.png,826,1170,billto,207,274,366,422,,,
image_54.png,826,1170,shipto,385,271,531,420,,,
image_54.png,826,1170,invoiceno,534,273,779,296,,,
image_54.png,826,1170,tableheader,218,464,771,499,,,
image_97.png,826,1170,billto,46,389,218,620,,,
image_97.png,826,1170,shipto,218,396,405,630,,,
image_97.png,826,1170,tableheader,34,642,787,678,,,
image_97.png,826,1170,invoiceno,54,63,289,109,,,
image_43.png,826,1170,billto,41,232,246,450,,,
image_43.png,826,1170,shipto,274,235,480,433,,,
image_43.png,826,1170,invoiceno,485,240,771,274,,,
image_43.png,826,1170,tableheader,51,463,785,533,,,
image_186.png,826,1170,billto,51,305,238,478,,,
image_186.png,826,1170,shipto,285,297,471,486,,,
image_186.png,826,1170,invoiceno,498,297,787,338,,,
image_186.png,826,1170,tableheader,57,525,774,563,,,
image_84.png,826,1170,billto,215,310,377,496,,,
image_84.png,826,1170,shipto,380,312,534,494,,,
image_84.png,826,1170,invoiceno,590,312,797,346,,,
image_84.png,826,1170,tableheader,228,666,779,697,,,
image_157.png,826,1170,billto,33,520,190,687,,,
image_157.png,826,1170,shipto,39,714,192,891,,,
image_157.png,826,1170,invoiceno,38,278,187,310,,,
image_157.png,826,1170,tableheader,226,273,774,315,,,
image_93.png,826,1170,invoiceno,33,274,175,305,,,
image_93.png,826,1170,billto,41,538,187,702,,,
image_93.png,826,1170,shipto,38,733,198,917,,,
image_93.png,826,1170,tableheader,226,269,777,317,,,
image_160.png,826,1170,billto,53,292,253,489,,,
image_160.png,826,1170,shipto,277,296,469,491,,,
image_160.png,826,1170,invoiceno,498,296,779,338,,,
image_160.png,826,1170,tableheader,57,520,772,571,,,
image_209.png,826,1170,billto,100,314,300,514,,,
image_209.png,826,1170,shipto,318,315,521,509,,,
image_209.png,826,1170,invoiceno,556,315,789,348,,,
image_209.png,826,1170,tableheader,107,551,772,584,,,
image_182.png,826,1170,billto,38,335,277,520,,,
image_182.png,826,1170,shipto,293,337,484,515,,,
image_182.png,826,1170,invoiceno,495,332,785,368,,,
image_182.png,826,1170,tableheader,51,676,793,717,,,
image_16.png,826,1170,billto,218,260,379,563,,,
image_16.png,826,1170,shipto,385,258,544,540,,,
image_16.png,826,1170,invoiceno,543,271,771,307,,,
image_16.png,826,1170,tableheader,62,584,774,632,,,
image_74.png,826,1170,billto,53,292,253,489,,,
image_74.png,826,1170,shipto,277,296,469,491,,,
image_74.png,826,1170,invoiceno,498,296,779,338,,,
image_74.png,826,1170,tableheader,57,520,772,571,,,
image_134.png,826,1170,billto,74,430,257,617,,,
image_134.png,826,1170,shipto,305,428,475,609,,,
image_134.png,826,1170,invoiceno,313,628,520,678,,,
image_134.png,826,1170,tableheader,77,684,748,724,,,
image_108.png,826,1170,billto,85,340,259,630,,,
image_108.png,826,1170,shipto,266,340,439,637,,,
image_108.png,826,1170,invoiceno,508,338,739,376,,,
image_108.png,826,1170,tableheader,93,668,741,715,,,
image_173.png,826,1170,billto,220,194,379,463,,,
image_173.png,826,1170,shipto,385,194,543,438,,,
image_173.png,826,1170,invoiceno,546,192,772,233,,,
image_173.png,826,1170,tableheader,64,527,766,573,,,
image_146.png,826,1170,billto,33,520,190,687,,,
image_146.png,826,1170,shipto,39,714,192,891,,,
image_146.png,826,1170,invoiceno,38,278,187,310,,,
image_146.png,826,1170,tableheader,226,273,774,315,,,
image_122.png,826,1170,billto,53,340,243,520,,,
image_122.png,826,1170,shipto,302,342,502,522,,,
image_122.png,826,1170,invoiceno,569,335,795,373,,,
image_122.png,826,1170,tableheader,64,576,767,615,,,
image_104.png,826,1170,billto,54,392,243,574,,,
image_104.png,826,1170,shipto,300,399,490,574,,,
image_104.png,826,1170,invoiceno,580,389,777,424,,,
image_104.png,826,1170,tableheader,64,624,769,646,,,
image_162.png,826,1170,billto,53,340,243,520,,,
image_162.png,826,1170,shipto,302,342,502,522,,,
image_162.png,826,1170,invoiceno,569,335,795,373,,,
image_162.png,826,1170,tableheader,64,576,767,615,,,
image_203.png,826,1170,billto,53,292,253,489,,,
image_203.png,826,1170,shipto,277,296,469,491,,,
image_203.png,826,1170,invoiceno,498,296,779,338,,,
image_203.png,826,1170,tableheader,57,520,772,571,,,
image_19.png,826,1170,shipto,59,179,249,371,,,
image_19.png,826,1170,shipto,300,186,498,376,,,
image_19.png,826,1170,tableheader,54,409,775,448,,,
image_19.png,826,1170,invoiceno,53,56,297,91,,,
image_82.png,826,1170,billto,54,392,243,574,,,
image_82.png,826,1170,shipto,300,399,490,574,,,
image_82.png,826,1170,invoiceno,580,389,777,424,,,
image_82.png,826,1170,tableheader,64,624,769,646,,,
image_207.png,826,1170,billto,53,292,253,489,,,
image_207.png,826,1170,shipto,277,296,469,491,,,
image_207.png,826,1170,invoiceno,498,296,779,338,,,
image_207.png,826,1170,tableheader,57,520,772,571,,,
image_33.png,826,1170,billto,49,353,238,537,,,
image_33.png,826,1170,shipto,302,356,503,532,,,
image_33.png,826,1170,invoiceno,589,363,771,389,,,
image_33.png,826,1170,tableheader,61,594,767,632,,,
image_147.png,826,1170,billto,121,292,305,481,,,
image_147.png,826,1170,shipto,315,292,495,476,,,
image_147.png,826,1170,invoiceno,602,112,736,153,,,
image_147.png,826,1170,tableheader,126,532,769,583,,,
image_85.png,826,1170,billto,53,340,243,520,,,
image_85.png,826,1170,shipto,302,342,502,522,,,
image_85.png,826,1170,invoiceno,569,335,795,373,,,
image_85.png,826,1170,tableheader,64,576,767,615,,,
image_99.png,826,1170,billto,43,371,246,558,,,
image_99.png,826,1170,shipto,320,371,520,568,,,
image_99.png,826,1170,tableheader,51,596,775,648,,,
image_99.png,826,1170,invoiceno,520,184,772,214,,,
image_96.png,826,1170,billto,226,197,387,389,,,
image_96.png,826,1170,shipto,403,202,551,379,,,
image_96.png,826,1170,invoiceno,559,224,774,258,,,
image_96.png,826,1170,tableheader,48,451,785,489,,,
image_32.png,826,1170,billto,220,310,375,494,,,
image_32.png,826,1170,shipto,377,314,534,494,,,
image_32.png,826,1170,invoiceno,589,312,789,343,,,
image_32.png,826,1170,tableheader,228,666,779,697,,,
image_168.png,826,1170,billto,348,307,531,456,,,
image_168.png,826,1170,shipto,569,305,744,458,,,
image_168.png,826,1170,tableheader,79,564,725,610,,,
image_168.png,826,1170,invoiceno,148,143,412,197,,,
image_197.png,826,1170,billto,53,340,243,520,,,
image_197.png,826,1170,shipto,302,342,502,522,,,
image_197.png,826,1170,invoiceno,569,335,795,373,,,
image_197.png,826,1170,tableheader,64,576,767,615,,,
image_66.png,826,1170,billto,59,191,244,371,,,
image_66.png,826,1170,shipto,305,189,493,368,,,
image_66.png,826,1170,invoiceno,62,55,295,96,,,
image_66.png,826,1170,tableheader,62,412,771,445,,,
image_29.png,826,1170,billto,43,371,246,558,,,
image_29.png,826,1170,shipto,320,371,520,568,,,
image_29.png,826,1170,tableheader,51,596,775,648,,,
image_29.png,826,1170,invoiceno,520,184,772,214,,,1170
image_206.png,826,1170,billto,149,286,328,483,,,
image_206.png,826,1170,shipto,333,287,503,458,,,
image_206.png,826,1170,invoiceno,513,281,751,312,,,
image_206.png,826,1170,tableheader,159,517,746,558,,,
image_31.png,826,1170,billto,53,340,243,520,,,
image_31.png,826,1170,shipto,302,342,502,522,,,
image_31.png,826,1170,invoiceno,569,335,795,373,,,
image_31.png,826,1170,tableheader,64,576,767,615,,,
image_185.png,826,1170,billto,77,296,256,474,,,
image_185.png,826,1170,shipto,284,296,467,473,,,
image_185.png,826,1170,invoiceno,492,291,761,325,,,
image_185.png,826,1170,tableheader,75,515,749,550,,,
image_188.png,826,1170,billto,49,353,238,537,,,
image_188.png,826,1170,shipto,302,356,503,532,,,
image_188.png,826,1170,invoiceno,589,363,771,389,,,
image_188.png,826,1170,tableheader,61,594,767,632,,,
image_94.png,826,1170,billto,90,346,253,614,,,
image_94.png,826,1170,shipto,259,343,430,604,,,
image_94.png,826,1170,invoiceno,480,342,728,374,,,
image_94.png,826,1170,tableheader,110,691,721,725,,,
image_138.png,826,1170,billto,53,340,243,520,,,
image_138.png,826,1170,shipto,302,342,502,522,,,
image_138.png,826,1170,invoiceno,569,335,795,373,,,
image_138.png,826,1170,tableheader,64,576,767,615,,,
image_37.png,826,1170,billto,67,428,256,620,,,
image_37.png,826,1170,shipto,297,428,482,615,,,
image_37.png,826,1170,shipto,320,643,516,678,,,
image_37.png,826,1170,tableheader,80,686,757,722,,,
image_76.png,826,1170,billto,44,440,220,627,,,
image_76.png,826,1170,shipto,230,442,407,619,,,
image_76.png,826,1170,invoiceno,530,442,784,476,,,
image_76.png,826,1170,tableheader,51,687,772,730,,,
image_41.png,826,1170,billto,121,292,305,481,,,
image_41.png,826,1170,shipto,315,292,495,476,,,
image_41.png,826,1170,invoiceno,602,112,736,153,,,
image_41.png,826,1170,tableheader,126,532,769,583,,,
image_5.png,826,1170,billto,85,340,259,630,,,
image_5.png,826,1170,shipto,266,340,439,637,,,
image_5.png,826,1170,invoiceno,508,338,739,376,,,
image_5.png,826,1170,tableheader,93,668,741,715,,,
image_150.png,826,1170,billto,38,335,277,520,,,
image_150.png,826,1170,shipto,293,337,484,515,,,
image_150.png,826,1170,invoiceno,495,332,785,368,,,
image_150.png,826,1170,tableheader,51,676,793,717,,,
image_42.png,826,1170,billto,216,291,369,453,,,
image_42.png,826,1170,shipto,375,292,534,443,,,
image_42.png,826,1170,invoiceno,534,289,769,322,,,
image_42.png,826,1170,tableheader,210,483,780,524,,,
image_95.png,826,1170,billto,54,276,236,474,,,
image_95.png,826,1170,shipto,275,278,472,460,,,
image_95.png,826,1170,invoiceno,502,274,785,309,,,
image_95.png,826,1170,tableheader,54,514,769,564,,,
image_78.png,826,1170,billto,85,340,259,630,,,
image_78.png,826,1170,shipto,266,340,439,637,,,
image_78.png,826,1170,invoiceno,508,338,739,376,,,
image_78.png,826,1170,tableheader,93,668,741,715,,,
image_205.png,826,1170,billto,53,340,243,520,,,
image_205.png,826,1170,shipto,302,342,502,522,,,
image_205.png,826,1170,invoiceno,569,335,795,373,,,
image_205.png,826,1170,tableheader,64,576,767,615,,,
image_50.png,826,1170,billto,54,392,243,574,,,
image_50.png,826,1170,shipto,300,399,490,574,,,
image_50.png,826,1170,invoiceno,580,389,777,424,,,
image_50.png,826,1170,tableheader,64,624,769,646,,,
image_158.png,826,1170,billto,49,353,238,537,,,
image_158.png,826,1170,shipto,302,356,503,532,,,
image_158.png,826,1170,invoiceno,589,363,771,389,,,
image_158.png,826,1170,tableheader,61,594,767,632,,,
image_22.png,826,1170,billto,53,292,253,489,,,
image_22.png,826,1170,shipto,277,296,469,491,,,
image_22.png,826,1170,invoiceno,498,296,779,338,,,
image_22.png,826,1170,tableheader,57,520,772,571,,,
image_11.png,826,1170,billto,53,292,253,489,,,
image_11.png,826,1170,shipto,277,296,469,491,,,
image_11.png,826,1170,invoiceno,498,296,779,338,,,
image_11.png,826,1170,tableheader,57,520,772,571,,,
image_142.png,826,1170,billto,53,340,243,520,,,
image_142.png,826,1170,shipto,302,342,502,522,,,
image_142.png,826,1170,invoiceno,569,335,795,373,,,
image_142.png,826,1170,tableheader,64,576,767,615,,,
image_90.png,826,1170,billto,53,292,253,489,,,
image_90.png,826,1170,shipto,277,296,469,491,,,
image_90.png,826,1170,invoiceno,498,296,779,338,,,
image_90.png,826,1170,tableheader,57,520,772,571,,,
image_111.png,826,1170,billto,54,276,236,474,,,
image_111.png,826,1170,shipto,275,278,472,460,,,
image_111.png,826,1170,invoiceno,502,274,785,309,,,
image_111.png,826,1170,tableheader,54,514,769,564,,,
image_133.png,826,1170,billto,43,371,246,558,,,
image_133.png,826,1170,shipto,320,371,520,568,,,
image_133.png,826,1170,tableheader,51,596,775,648,,,
image_133.png,826,1170,invoiceno,520,184,772,214,,,
image_87.png,826,1170,billto,53,292,253,489,,,
image_87.png,826,1170,shipto,277,296,469,491,,,
image_87.png,826,1170,invoiceno,498,296,779,338,,,
image_87.png,826,1170,tableheader,57,520,772,571,,,
image_148.png,826,1170,billto,41,232,246,450,,,
image_148.png,826,1170,shipto,274,235,480,433,,,
image_148.png,826,1170,invoiceno,485,240,771,274,,,
image_148.png,826,1170,tableheader,51,463,785,533,,,
image_49.png,826,1170,billto,121,292,305,481,,,
image_49.png,826,1170,shipto,315,292,495,476,,,
image_49.png,826,1170,invoiceno,602,112,736,153,,,
image_49.png,826,1170,tableheader,126,532,769,583,,,
image_100.png,826,1170,billto,53,292,253,489,,,
image_100.png,826,1170,shipto,277,296,469,491,,,
image_100.png,826,1170,invoiceno,498,296,779,338,,,
image_100.png,826,1170,tableheader,57,520,772,571,,,
image_154.png,826,1170,billto,53,292,253,489,,,
image_154.png,826,1170,shipto,277,296,469,491,,,
image_154.png,826,1170,invoiceno,498,296,779,338,,,
image_154.png,826,1170,tableheader,57,520,772,571,,,
image_118.png,826,1170,billto,53,340,243,520,,,
image_118.png,826,1170,shipto,302,342,502,522,,,
image_118.png,826,1170,invoiceno,569,335,795,373,,,
image_118.png,826,1170,tableheader,64,576,767,615,,,
image_178.png,826,1170,billto,230,224,367,401,,,
image_178.png,826,1170,shipto,397,225,531,396,,,
image_178.png,826,1170,invoiceno,546,219,767,251,,,
image_178.png,826,1170,tableheader,57,458,769,499,,,
image_0.png,826,1170,billto,41,232,246,450,,,
image_0.png,826,1170,shipto,274,235,480,433,,,
image_0.png,826,1170,invoiceno,485,240,771,274,,,
image_0.png,826,1170,tableheader,51,463,785,533,,,
image_23.png,826,1170,billto,46,301,246,481,,,
image_23.png,826,1170,shipto,275,297,475,486,,,
image_23.png,826,1170,invoiceno,495,301,784,335,,,
image_23.png,826,1170,tableheader,64,535,766,571,,,
image_115.png,826,1170,billto,53,292,253,489,,,
image_115.png,826,1170,shipto,277,296,469,491,,,
image_115.png,826,1170,invoiceno,498,296,779,338,,,
image_115.png,826,1170,tableheader,57,520,772,571,,,
image_171.png,826,1170,billto,38,335,277,520,,,
image_171.png,826,1170,shipto,293,337,484,515,,,
image_171.png,826,1170,invoiceno,495,332,785,368,,,
image_171.png,826,1170,tableheader,51,676,793,717,,,
image_103.png,826,1170,billto,97,310,266,492,,,
image_103.png,826,1170,shipto,289,307,466,492,,,
image_103.png,826,1170,invoiceno,515,301,726,342,,,
image_103.png,826,1170,tableheader,105,560,731,592,,,
image_125.png,826,1170,billto,54,392,243,574,,,
image_125.png,826,1170,shipto,300,399,490,574,,,
image_125.png,826,1170,invoiceno,580,389,777,424,,,
image_125.png,826,1170,tableheader,64,624,769,646,,,
image_166.png,826,1170,billto,100,314,300,514,,,
image_166.png,826,1170,shipto,318,315,521,509,,,
image_166.png,826,1170,invoiceno,556,315,789,348,,,
image_166.png,826,1170,tableheader,107,551,772,584,,,
image_195.png,826,1170,billto,348,307,531,456,,,
image_195.png,826,1170,shipto,569,305,744,458,,,
image_195.png,826,1170,tableheader,79,564,725,610,,,
image_195.png,826,1170,invoiceno,148,143,412,197,,,
image_20.png,826,1170,billto,49,353,238,537,,,
image_20.png,826,1170,shipto,302,356,503,532,,,
image_20.png,826,1170,invoiceno,589,363,771,389,,,
image_20.png,826,1170,tableheader,61,594,767,632,,,
image_59.png,826,1170,billto,53,340,243,520,,,
image_59.png,826,1170,shipto,302,342,502,522,,,
image_59.png,826,1170,invoiceno,569,335,795,373,,,
image_59.png,826,1170,tableheader,64,576,767,615,,,
image_113.png,826,1170,billto,53,292,253,489,,,
image_113.png,826,1170,shipto,277,296,469,491,,,
image_113.png,826,1170,invoiceno,498,296,779,338,,,
image_113.png,826,1170,tableheader,57,520,772,571,,,
image_210.png,826,1170,billto,54,276,236,474,,,
image_210.png,826,1170,shipto,275,278,472,460,,,
image_210.png,826,1170,invoiceno,502,274,785,309,,,
image_210.png,826,1170,tableheader,54,514,769,564,,,
image_80.png,826,1170,billto,53,340,243,520,,,
image_80.png,826,1170,shipto,302,342,502,522,,,
image_80.png,826,1170,invoiceno,569,335,795,373,,,
image_80.png,826,1170,tableheader,64,576,767,615,,,
image_131.png,826,1170,billto,38,335,277,520,,,
image_131.png,826,1170,shipto,293,337,484,515,,,
image_131.png,826,1170,invoiceno,495,332,785,368,,,
image_131.png,826,1170,tableheader,51,676,793,717,,,
image_136.png,826,1170,billto,53,292,253,489,,,
image_136.png,826,1170,shipto,277,296,469,491,,,
image_136.png,826,1170,invoiceno,498,296,779,338,,,
image_136.png,826,1170,tableheader,57,520,772,571,,,
image_92.png,826,1170,billto,75,369,251,522,,,
image_92.png,826,1170,shipto,266,363,454,522,,,
image_92.png,826,1170,invoiceno,492,355,757,394,,,
image_92.png,826,1170,tableheader,75,548,748,581,,,
image_2.png,826,1170,billto,53,186,246,373,,,
image_2.png,826,1170,shipto,298,183,502,374,,,
image_2.png,826,1170,invoiceno,59,58,290,91,,,
image_2.png,826,1170,tableheader,59,409,772,448,,,
image_155.png,826,1170,billto,51,301,244,491,,,
image_155.png,826,1170,shipto,282,296,469,478,,,
image_155.png,826,1170,invoiceno,505,305,774,335,,,
image_155.png,826,1170,tableheader,59,527,774,566,,,
image_73.png,826,1170,billto,41,232,246,450,,,
image_73.png,826,1170,shipto,274,235,480,433,,,
image_73.png,826,1170,invoiceno,485,240,771,274,,,
image_73.png,826,1170,tableheader,51,463,785,533,,,
image_170.png,826,1170,billto,226,199,392,379,,,
image_170.png,826,1170,shipto,402,199,556,383,,,
image_170.png,826,1170,invoiceno,561,228,782,256,,,
image_170.png,826,1170,tableheader,54,469,782,504,,,
image_12.png,826,1170,billto,49,353,238,537,,,
image_12.png,826,1170,shipto,302,356,503,532,,,
image_12.png,826,1170,invoiceno,589,363,771,389,,,
image_12.png,826,1170,tableheader,61,594,767,632,,,
image_4.png,826,1170,billto,33,520,190,687,,,
image_4.png,826,1170,shipto,39,714,192,891,,,
image_4.png,826,1170,invoiceno,38,278,187,310,,,
image_4.png,826,1170,tableheader,226,273,774,315,,,
image_64.png,826,1170,billto,46,301,246,481,,,
image_64.png,826,1170,shipto,275,297,475,486,,,
image_64.png,826,1170,invoiceno,495,301,784,335,,,
image_64.png,826,1170,tableheader,64,535,766,571,,,
image_88.png,826,1170,billto,100,314,300,514,,,
image_88.png,826,1170,shipto,318,315,521,509,,,
image_88.png,826,1170,invoiceno,556,315,789,348,,,
image_88.png,826,1170,tableheader,107,551,772,584,,,
image_139.png,826,1170,billto,53,340,243,520,,,
image_139.png,826,1170,shipto,302,342,502,522,,,
image_139.png,826,1170,invoiceno,569,335,795,373,,,
image_139.png,826,1170,tableheader,64,576,767,615,,,
image_105.png,826,1170,billto,43,371,246,558,,,
image_105.png,826,1170,shipto,320,371,520,568,,,
image_105.png,826,1170,tableheader,51,596,775,648,,,
image_105.png,826,1170,invoiceno,520,184,772,214,,,
image_191.png,826,1170,billto,54,276,236,474,,,
image_191.png,826,1170,shipto,275,278,472,460,,,
image_191.png,826,1170,invoiceno,502,274,785,309,,,
image_191.png,826,1170,tableheader,54,514,769,564,,,
image_124.png,826,1170,billto,354,307,530,453,,,
image_124.png,826,1170,shipto,577,304,733,453,,,
image_124.png,826,1170,tableheader,79,571,702,610,,,
image_124.png,826,1170,invoiceno,153,140,402,192,,,
image_117.png,826,1170,billto,53,384,236,564,,,
image_117.png,826,1170,shipto,279,378,461,560,,,
image_117.png,826,1170,invoiceno,500,383,785,412,,,
image_117.png,826,1170,invoiceno,48,646,769,683,,,
image_126.png,826,1170,billto,220,194,379,463,,,
image_126.png,826,1170,shipto,385,194,543,438,,,
image_126.png,826,1170,invoiceno,546,192,772,233,,,
image_126.png,826,1170,tableheader,64,527,766,573,,,
image_6.png,826,1170,billto,41,337,246,535,,,
image_6.png,826,1170,shipto,302,342,492,528,,,
image_6.png,826,1170,invoiceno,584,340,780,368,,,
image_6.png,826,1170,tableheader,56,573,780,617,,,
image_46.png,826,1170,billto,41,232,246,450,,,
image_46.png,826,1170,shipto,274,235,480,433,,,
image_46.png,826,1170,invoiceno,485,240,771,274,,,
image_46.png,826,1170,tableheader,51,463,785,533,,,
image_193.png,826,1170,billto,41,232,246,450,,,
image_193.png,826,1170,shipto,274,235,480,433,,,
image_193.png,826,1170,invoiceno,485,240,771,274,,,
image_193.png,826,1170,tableheader,51,463,785,533,,,
image_123.png,826,1170,billto,54,276,236,474,,,
image_123.png,826,1170,shipto,275,278,472,460,,,
image_123.png,826,1170,invoiceno,502,274,785,309,,,
image_123.png,826,1170,tableheader,54,514,769,564,,,
image_163.png,826,1170,billto,38,335,277,520,,,
image_163.png,826,1170,shipto,293,337,484,515,,,
image_163.png,826,1170,invoiceno,495,332,785,368,,,
image_163.png,826,1170,tableheader,51,676,793,717,,,
image_98.png,826,1170,billto,95,307,272,484,,,
image_98.png,826,1170,shipto,275,305,471,483,,,
image_98.png,826,1170,invoiceno,528,305,730,335,,,
image_98.png,826,1170,tableheader,105,556,736,597,,,
image_91.png,826,1170,billto,62,187,243,368,,,
image_91.png,826,1170,shipto,305,189,485,371,,,
image_91.png,826,1170,invoiceno,59,53,285,86,,,
image_91.png,826,1170,tableheader,57,412,766,440,,,
image_112.png,826,1170,billto,100,314,300,514,,,
image_112.png,826,1170,shipto,318,315,521,509,,,
image_112.png,826,1170,invoiceno,556,315,789,348,,,
image_112.png,826,1170,tableheader,107,551,772,584,,,
image_15.png,826,1170,billto,53,292,253,489,,,
image_15.png,826,1170,shipto,277,296,469,491,,,
image_15.png,826,1170,invoiceno,498,296,779,338,,,
image_15.png,826,1170,tableheader,57,520,772,571,,,
image_70.png,826,1170,billto,215,310,377,496,,,
image_70.png,826,1170,shipto,380,312,534,494,,,
image_70.png,826,1170,invoiceno,590,312,797,346,,,
image_70.png,826,1170,tableheader,228,666,779,697,,,
image_152.png,826,1170,billto,161,309,323,564,,,
image_152.png,826,1170,shipto,326,310,495,579,,,
image_152.png,826,1170,invoiceno,549,312,797,348,,,
image_152.png,826,1170,tableheader,171,642,775,689,,,
image_187.png,826,1170,billto,215,310,377,496,,,
image_187.png,826,1170,shipto,380,312,534,494,,,
image_187.png,826,1170,invoiceno,590,312,797,346,,,
image_187.png,826,1170,tableheader,228,666,779,697,,,
image_63.png,826,1170,billto,38,335,277,520,,,
image_63.png,826,1170,shipto,293,337,484,515,,,
image_63.png,826,1170,invoiceno,495,332,785,368,,,
image_63.png,826,1170,tableheader,51,676,793,717,,,
image_194.png,826,1170,billto,54,392,243,574,,,
image_194.png,826,1170,shipto,300,399,490,574,,,
image_194.png,826,1170,invoiceno,580,389,777,424,,,
image_194.png,826,1170,tableheader,64,624,769,646,,,
image_181.png,826,1170,billto,49,186,251,369,,,
image_181.png,826,1170,shipto,302,187,502,376,,,
image_181.png,826,1170,invoiceno,59,55,285,92,,,
image_181.png,826,1170,tableheader,54,405,767,446,,,
image_48.png,826,1170,billto,53,292,253,489,,,
image_48.png,826,1170,shipto,277,296,469,491,,,
image_48.png,826,1170,invoiceno,498,296,779,338,,,
image_48.png,826,1170,tableheader,57,520,772,571,,,
image_192.png,826,1170,billto,53,340,243,520,,,
image_192.png,826,1170,shipto,302,342,502,522,,,
image_192.png,826,1170,invoiceno,569,335,795,373,,,
image_192.png,826,1170,tableheader,64,576,767,615,,,
image_156.png,826,1170,billto,41,392,213,624,,,
image_156.png,826,1170,shipto,221,396,393,619,,,
image_156.png,826,1170,tableheader,43,642,775,683,,,
image_156.png,826,1170,invoiceno,66,66,277,112,,,
image_137.png,826,1170,billto,33,520,190,687,,,
image_137.png,826,1170,shipto,39,714,192,891,,,
image_137.png,826,1170,invoiceno,38,278,187,310,,,
image_137.png,826,1170,tableheader,226,273,774,315,,,
image_62.png,826,1170,billto,351,307,538,463,,,
image_62.png,826,1170,shipto,571,299,746,463,,,
image_62.png,826,1170,tableheader,57,568,764,612,,,
image_62.png,826,1170,invoiceno,144,132,421,199,,,
image_140.png,826,1170,billto,62,191,249,371,,,
image_140.png,826,1170,shipto,303,181,497,371,,,
image_140.png,826,1170,tableheader,59,405,766,448,,,
image_140.png,826,1170,invoiceno,57,56,297,92,,,
image_52.png,826,1170,tableheader,48,301,246,491,,,
image_52.png,826,1170,shipto,287,304,471,486,,,
image_52.png,826,1170,invoiceno,502,302,777,335,,,
image_52.png,826,1170,tableheader,59,528,771,568,,,
image_68.png,826,1170,billto,53,292,253,489,,,
image_68.png,826,1170,shipto,277,296,469,491,,,
image_68.png,826,1170,invoiceno,498,296,779,338,,,
image_68.png,826,1170,tableheader,57,520,772,571,,,
